timestamp,message
1743521899619,"INIT_START Runtime Version: nodejs:16.v70	Runtime Version ARN: arn:aws:lambda:us-east-1::runtime:46b99f635743b15febf77bc6d1f44226c4c9a8f3011afaeab9001daeca28753c
"
1743521900483,"START RequestId: 07b14475-0ce1-49fc-b321-70c61938fea3 Version: 188
"
1743521900488,"2025-04-01T15:38:20.488Z	07b14475-0ce1-49fc-b321-70c61938fea3	INFO	~~~~~~~~~~~~ Session ended with reason: USER_INITIATED ~~~~~~~~~~~~
      
"
1743521900521,"2025-04-01T15:38:20.521Z	07b14475-0ce1-49fc-b321-70c61938fea3	INFO	~~~~~~~~~~~~ Session ended ~~~~~~~~~~~~ {""version"":""1.0"",""session"":{""new"":false,""sessionId"":""amzn1.echo-api.session.c8128bc0-e306-4e24-a78a-0e43acf978ef"",""application"":{""applicationId"":""amzn1.ask.skill.d1e4936f-5976-4d95-81e8-52fbebe0a304""},""attributes"":{""awaitingStoryConfirmation"":false,""storyRequestId"":null},""user"":{""userId"":""amzn1.ask.account.AMAWPTB5STJEFTXAFYTT23YNQSUGEW2NUHDS3OHHVD46BTJED366XMHW5FWDZAAAFES6UMW4KJKK5RYPECJSLPB7IVNYGMMH3AMTP54KMH7AW5SV2AGDZ3GNZFZEFLISWJ2YVWNHNEKKXJXRS774F4UFKDC7SS4VTXRHPTNCTDRBXEIXN4PHLZADLSMLHO6BMXKA4MIXO6NOT3K3QISMY7LKQW6NSSXGJMOFD5JSVGOA""}},""context"":{""Viewports"":[{""type"":""APL"",""id"":""medHub"",""shape"":""RECTANGLE"",""dpi"":160,""presentationType"":""OVERLAY"",""canRotate"":false,""configuration"":{""current"":{""mode"":""HUB"",""video"":{""codecs"":[""H_264_42"",""H_264_41""]},""size"":{""type"":""DISCRETE"",""pixelWidth"":1280,""pixelHeight"":800}}}}],""Viewport"":{""experiences"":[{""arcMinuteWidth"":221,""arcMinuteHeight"":162,""canRotate"":false,""canResize"":false}],""mode"":""HUB"",""shape"":""RECTANGLE"",""pixelWidth"":1280,""pixelHeight"":800,""dpi"":160,""currentPixelWidth"":1280,""currentPixelHeight"":800,""touch"":[""SINGLE""],""keyboard"":[""DIRECTION""],""video"":{""codecs"":[""H_264_42"",""H_264_41""]}},""System"":{""application"":{""applicationId"":""amzn1.ask.skill.d1e4936f-5976-4d95-81e8-52fbebe0a304""},""user"":{""userId"":""amzn1.ask.account.AMAWPTB5STJEFTXAFYTT23YNQSUGEW2NUHDS3OHHVD46BTJED366XMHW5FWDZAAAFES6UMW4KJKK5RYPECJSLPB7IVNYGMMH3AMTP54KMH7AW5SV2AGDZ3GNZFZEFLISWJ2YVWNHNEKKXJXRS774F4UFKDC7SS4VTXRHPTNCTDRBXEIXN4PHLZADLSMLHO6BMXKA4MIXO6NOT3K3QISMY7LKQW6NSSXGJMOFD5JSVGOA""},""device"":{""deviceId"":""amzn1.ask.device.AMA5QN53C36KSES6V4SLZTQLQM3NAKYFALEIHEVH5ABOKNPDJM5JSCLI3SW5A5JAGTZO3RRJXODQMN7X3WPT3VP4EXW3DDAU2ZHE35K77U57VQN6FCSRFJIJKT7TBYDFD7XQMHH2GK7GISY2L7ABQTCCP24L3NDS47MOPBKBUEE2GHRZOQ66QAQ67VUENJZFFBT6LLKHOMQBTU4P"",""supportedInterfaces"":{""Alexa.Presentation.APL"":{""runtime"":{""maxVersion"":""2024.3""}}}},""apiEndpoint"":""https://api.amazonalexa.com"",""apiAccessToken"":""eyJ0eXAiOiJKV1QiLCJhbGciOiJSUzI1NiIsImtpZCI6IjEifQ.eyJhdWQiOiJodHRwczovL2FwaS5hbWF6b25hbGV4YS5jb20iLCJpc3MiOiJBbGV4YVNraWxsS2l0Iiwic3ViIjoiYW16bjEuYXNrLnNraWxsLmQxZTQ5MzZmLTU5NzYtNGQ5NS04MWU4LTUyZmJlYmUwYTMwNCIsImV4cCI6MTc0MzUyMTk1OSwiaWF0IjoxNzQzNTIxODk5LCJuYmYiOjE3NDM1MjE4OTksInByaXZhdGVDbGFpbXMiOnsiaXNGb3JSQSI6ImZhbHNlIiwiY29udGV4dCI6IkFBQUFBQUFBQUFCVUIza0VNQ2ZSZVdsb1gydXd3WWR2ZUFFQUFBQUFBQURKYVQrOUtvRzAvZkVLNytDL0o1TXorUitwWFd3OGlOekN3OVlsL0JEcXNpa0crbGt3N0p3Uzh4MUJWaHNRTyswNGdSVm9NODdnK2JhR2VTSVJFb1ZHcmRRTWdjM1drRkNYcTRVdFdOUVRvaENTakV4bC9iZ25oanRxS1ZpRUoxa2cwTWlnZm1QeklKVkhQUnRsT0FacjJUblAxZDFrY3V6cHphWFB6YmVWZDF2eDQvM2ZaSkpTdWhzMFNVeVZaNGlkN0dzNFkvbVhIVi9WY2pUd1ZZUlI5VXBZZW5rVGJKbVJ3bi9mSTJ5ZVFIK0hQV3AxK3duMEo1TUFLOW01bHY3dmFCOEVWbGxVQ2drVGF3emVvVi9EMU5uZ0Naa2c1cjFhNWtTaE9Ybk5CbGFod21vdGEzS2Z2MDVBaWY4eVFlRWJEVDlCUjFBUThSTVZzak1yRDBRZytjMkE0SXB1cW5DcmJSc0U1a3lLWktUV1hOelR1SmNjd2NPZmNPMnBteVIzcmFTazVnaDArNStuNW13bVpTdmlqanRVZ3puK0JKak5MclY4RWdwdndGNUErNndVcGIwemlINnVqQi9mU1VJRVhXUDlwZ2JzVUNjWWFwczh6YWttMUpWMVBUM3lDcUhHaHdNWWlKSU9SVk1sdS9jUlNkbTIiLCJkZXZpY2VJZCI6ImFtem4xLmFzay5kZXZpY2UuQU1BNVFONTNDMzZLU0VTNlY0U0xaVFFMUU0zTkFLWUZBTEVJSEVWSDVBQk9LTlBESk01SlNDTEkzU1c1QTVKQUdUWk8zUlJKWE9EUU1ON1gzV1BUM1ZQNEVYVzNEREFVMlpIRTM1Szc3VTU3VlFONkZDU1JGSklKS1Q3VEJZREZEN1hRTUhIMkdLN0dJU1kyTDdBQlFUQ0NQMjRMM05EUzQ3TU9QQktCVUVFMkdIUlpPUTY2UUFRNjdWVUVOSlpGRkJUNkxMS0hPTVFCVFU0UCIsInVzZXJJZCI6ImFtem4xLmFzay5hY2NvdW50LkFNQVdQVEI1U1RKRUZUWEFGWVRUMjNZTlFTVUdFVzJOVUhEUzNPSEhWRDQ2QlRKRUQzNjZYTUhXNUZXRFpBQUFGRVM2VU1XNEtKS0s1UllQRUNKU0xQQjdJVk5ZR01NSDNBTVRQNTRLTUg3QVc1U1YyQUdEWjNHTlpGWkVGTElTV0oyWVZXTkhORUtLWEpYUlM3NzRGNFVGS0RDN1NTNFZUWFJIUFROQ1REUkJYRUlYTjRQSExaQURMU01MSE82Qk1YS0E0TUlYTzZOT1QzSzNRSVNNWTdMS1FXNk5TU1hHSk1PRkQ1SlNWR09BIn19.b5W5qM2N9r32mdDFldLg-8RgxPjt3UAVW4XPK0jtZjya9Lmq1lC7QITonyM7u1X5g0i5xnDwhaXTiqEqefG2nPw8GP0K2tfWlgqGA_UB1XgYasKY1iuHAh3ZDRbBYPu4a4ivx3VX9Y8HvzIWDSks3Uf_F7Ut3O6HJQjyfggRiU-L0b54BaptnfOjz-XD49I9Yv-rF-lSCLCbHOsL7p8Zpu7IdZlipeRzKSd0cDHdq8VO3OpOtlwldter2Swr_x-y1-iMJOdhXplc1RTUKCQgX5z81R2C2GujqxdEjZBv-_eFj1qnVuUlfrSN3ic9CEItKnKgFuQ736KA5pRNmA4_Og""}},""request"":{""type"":""SessionEndedRequest"",""requestId"":""amzn1.echo-api.request.52f1cac3-614f-46b0-b780-b1fc7ee29462"",""timestamp"":""2025-04-01T15:38:19Z"",""locale"":""en-US"",""reason"":""USER_INITIATED""}}
"
1743521900525,"END RequestId: 07b14475-0ce1-49fc-b321-70c61938fea3
"
1743521900525,"REPORT RequestId: 07b14475-0ce1-49fc-b321-70c61938fea3	Duration: 41.41 ms	Billed Duration: 42 ms	Memory Size: 512 MB	Max Memory Used: 93 MB	Init Duration: 863.12 ms	
"
1743521900599,"START RequestId: 33841ebc-1010-4471-8231-9b9650928182 Version: 188
"
1743521900602,"2025-04-01T15:38:20.602Z	33841ebc-1010-4471-8231-9b9650928182	INFO	------------------- Got LaunchRequest -------------------
"
1743521900621,"END RequestId: 33841ebc-1010-4471-8231-9b9650928182
"
1743521900621,"REPORT RequestId: 33841ebc-1010-4471-8231-9b9650928182	Duration: 21.95 ms	Billed Duration: 22 ms	Memory Size: 512 MB	Max Memory Used: 93 MB	
"
1743521907798,"START RequestId: 072929c2-edf8-4f2f-a353-741de53e28e5 Version: 188
"
1743521907799,"2025-04-01T15:38:27.799Z	072929c2-edf8-4f2f-a353-741de53e28e5	INFO	------------------- Got StoryIntent request ------------------- me a story about a groundhog
"
1743521907799,"2025-04-01T15:38:27.799Z	072929c2-edf8-4f2f-a353-741de53e28e5	INFO	Starting background story preparation for: me a story about a groundhog with ID: amzn1.echo-api.request.a5fbf1e5-22f3-4463-9a15-081a6c2a0726
"
1743521907844,"END RequestId: 072929c2-edf8-4f2f-a353-741de53e28e5
"
1743521907844,"REPORT RequestId: 072929c2-edf8-4f2f-a353-741de53e28e5	Duration: 46.78 ms	Billed Duration: 47 ms	Memory Size: 512 MB	Max Memory Used: 94 MB	
"
1743521915417,"START RequestId: 087f77a0-d321-416c-93e5-1f0fcec555ce Version: 188
"
1743521915418,"2025-04-01T15:38:35.418Z	087f77a0-d321-416c-93e5-1f0fcec555ce	INFO	------------------- Got YesIntent -------------------
"
1743521915420,"END RequestId: 087f77a0-d321-416c-93e5-1f0fcec555ce
"
1743521915420,"REPORT RequestId: 087f77a0-d321-416c-93e5-1f0fcec555ce	Duration: 3.05 ms	Billed Duration: 4 ms	Memory Size: 512 MB	Max Memory Used: 94 MB	
"
1743521924460,"START RequestId: abe78817-a451-47fc-af08-dfab8ea67f68 Version: 188
"
1743521924544,"2025-04-01T15:38:44.544Z	abe78817-a451-47fc-af08-dfab8ea67f68	INFO	------------------- Got YesIntent -------------------
"
1743521924547,"END RequestId: abe78817-a451-47fc-af08-dfab8ea67f68
"
1743521924547,"REPORT RequestId: abe78817-a451-47fc-af08-dfab8ea67f68	Duration: 87.30 ms	Billed Duration: 88 ms	Memory Size: 512 MB	Max Memory Used: 95 MB	
"
1743521935350,"START RequestId: 69747331-34a3-4209-bf18-ea96fc0bd69b Version: 188
"
1743521935365,"2025-04-01T15:38:55.365Z	69747331-34a3-4209-bf18-ea96fc0bd69b	INFO	------------------- Got YesIntent -------------------
"
1743521935383,"END RequestId: 69747331-34a3-4209-bf18-ea96fc0bd69b
"
1743521935383,"REPORT RequestId: 69747331-34a3-4209-bf18-ea96fc0bd69b	Duration: 33.06 ms	Billed Duration: 34 ms	Memory Size: 512 MB	Max Memory Used: 96 MB	
"
1743521957893,"START RequestId: cf217a36-7cc4-412b-8c39-24ce8627abee Version: 188
"
1743521957904,"2025-04-01T15:39:17.904Z	cf217a36-7cc4-412b-8c39-24ce8627abee	INFO	------------------- Got YesIntent -------------------
"
1743521957922,"END RequestId: cf217a36-7cc4-412b-8c39-24ce8627abee
"
1743521957922,"REPORT RequestId: cf217a36-7cc4-412b-8c39-24ce8627abee	Duration: 28.92 ms	Billed Duration: 29 ms	Memory Size: 512 MB	Max Memory Used: 96 MB	
"
1743521974107,"START RequestId: e0006354-c352-43b4-b295-70d98427649f Version: 188
"
1743521974108,"2025-04-01T15:39:34.108Z	e0006354-c352-43b4-b295-70d98427649f	INFO	------------------- Got YesIntent -------------------
"
1743521974109,"END RequestId: e0006354-c352-43b4-b295-70d98427649f
"
1743521974109,"REPORT RequestId: e0006354-c352-43b4-b295-70d98427649f	Duration: 2.46 ms	Billed Duration: 3 ms	Memory Size: 512 MB	Max Memory Used: 96 MB	
"
1743521981766,"2025-04-01T15:39:41.766Z	e0006354-c352-43b4-b295-70d98427649f	INFO	------------------- AI FULL RESPONSE ------------------- {""id"":""chatcmpl-BHXzIMqi59AECDxSCeVExxtNlVcVL"",""object"":""chat.completion"",""created"":1743521924,""model"":""gpt-4o-2024-08-06"",""choices"":[{""index"":0,""message"":{""role"":""assistant"",""content"":""Matthew: Hidden beneath the emerald drapery of the Whispering Woods, where time seemed to pause and magic lingered in every shadow, lived a groundhog named Gideon. Unlike his fellow furry kind, Gideon did not dread the approach of winter. Instead, he eagerly anticipated it. For with each breath of winter’s chill, the ancient trees would start to hum, and Gideon alone could hear their secret tunes.

You see, Gideon had a curious gift. Once every year, when the first snowflake kissed the forest floor, he could converse with the trees for one special day. And on the eve of this annual event, excitement brewed in Gideon's heart. He busied himself gathering acorns and mushrooms to trade for tales of yore and whispers of wisdom.

As dawn bathed the woods in soft, golden light, Gideon padded softly to the Heart Tree, the oldest and wisest of all. Its branches stretched like gentle arms, cradling the sky. When Gideon arrived, he pressed his small paw against its rough bark and listened.

\""Young Gideon,\"" rumbled the Heart Tree with a voice like gravelly honey, \""today, I shall bestow upon you a tale of uncommon wonder, the Legend of the Starbound Burrow.\""

Gideon's eyes widened with intrigue. The Heart Tree began its tale, of a groundhog who, centuries ago, had once dared to dig towards the stars, driven by a dream of celestial harvests.

“Through soil and stardust alike, they say,” narrated the Heart Tree, “the burrow reached the heavens where roots entwined with constellations.”

\""Did they ever grasp a star?\"" Gideon asked, enthralled by the notion.

\""The legends say they caught a wandering star, one forged of dreams, and brought a piece of it back to earth. And that shining fragment is what binds the Whispering Woods to the secrets of the cosmos.\""

Gideon pondered this story, the fire of possibility burning bright within his walnut-brown eyes. The connection between earth and sky, the tangible and the ethereal, whispered to him like the forest’s ancient breath.

When the last hues of daylight vanished, and the stars peered through the velvety night, Gideon sat contemplating beneath the crown of the vast sky. Inspired by the Heart Tree's tale, he dreamed of tunnels spun from dreams, of glimmers gathered from the heavens.

And though Gideon would be roused before the light came creeping back into the forest, his heart brimmed with the promise of adventure—a dream tethered to the stars now danced in the very soil beneath his paws.

Whether he would pursue the starbound burrow tomorrow, nobody knew. But for once, the groundhog revered not just winter’s approach, but a world of endless possibilities shimmering above, awaiting to be gently unraveled."",""refusal"":null,""annotations"":[]},""logprobs"":null,""finish_reason"":""stop""}],""usage"":{""prompt_tokens"":68,""completion_tokens"":584,""total_tokens"":652,""prompt_tokens_details"":{""cached_tokens"":0,""audio_tokens"":0},""completion_tokens_details"":{""reasoning_tokens"":0,""audio_tokens"":0,""accepted_prediction_tokens"":0,""rejected_prediction_tokens"":0}},""service_tier"":""default"",""system_fingerprint"":""fp_898ac29719""}
"
1743521981767,"2025-04-01T15:39:41.767Z	e0006354-c352-43b4-b295-70d98427649f	INFO	Story preparation complete for ID: amzn1.echo-api.request.a5fbf1e5-22f3-4463-9a15-081a6c2a0726
"
1743521981767,"2025-04-01T15:39:41.767Z	e0006354-c352-43b4-b295-70d98427649f	INFO	Updated session attributes for request ID: amzn1.echo-api.request.a5fbf1e5-22f3-4463-9a15-081a6c2a0726, story ready: true
"
1743521981768,"START RequestId: 9a816ed5-3d36-4ef2-9933-bc799c963a55 Version: 188
"
1743521981769,"2025-04-01T15:39:41.769Z	9a816ed5-3d36-4ef2-9933-bc799c963a55	INFO	------------------- Got NoIntent -------------------
"
1743521981770,"END RequestId: 9a816ed5-3d36-4ef2-9933-bc799c963a55
"
1743521981770,"REPORT RequestId: 9a816ed5-3d36-4ef2-9933-bc799c963a55	Duration: 2.24 ms	Billed Duration: 3 ms	Memory Size: 512 MB	Max Memory Used: 96 MB	
"